abhorrence,abhorrence@gmail.com
abhorrent,abhorrent@gmail.com
abib,abib@gmail.com
abide,abide@gmail.com
abiding,abiding@.com
abidjan,abidjan@gmail.com
abie,abie@gmail.com
abigael,abigael@gmailcom
abigail,abigail@gmail.com
abigailabigale,abigailabigale@gmail.com
abijah,abijah@gmail.com
abilene,abilene@gmail.com
ability,ability@gmail.com
abingdon,abingdon@gmail.com
abiogenesis,abiogenesis@gmail.com
abiogenetic,abiogenetic@gmail.com
abiosis,abiosis@gmail.com
abiotic,abiotic@gmail.com
abirritant,abirritant@gmail.com
abirritate,abirritate@gmail.com
abisha,abisha@gmailcom
abisia,abisia@gmailcom
abixah,abixah@gmail.com
abject,abject@gmail.com
abjuration,abjuration@gmail.com
abjure,abjure@gmail.com
ablate,ablate@gmail.com
ablation,ablation@gmail.com
ablative,ablative@gmail.com
ablaut,ablaut@gmail.com
ablaze,ablaze@gmail.com
able,able@gmail.com
ablebodied,ablebodied@gmail.com
ablepsia,ablepsia@gmail.com
ables,ables@gmail.com
abloom,abloom@gmail.com
ablution,ablution@gmail.com
ably,ably@gmail.com
abm,abm@gmail.com
abmho,abmho@gmail.com
abnaki,abnaki@gmail.com
abnegate,abnegate@gmail.com
abner,abner@gmail.com
abner,abner@gmail.com
abney,abney@gmail.com
abnormal,abnormal@gmail
abnormality,abnormality@gmail.com
abnormity,abnormity@gmail.com
aboard,aboard@gmail.com
abode,abode@gmail.com
abohm,abohm@gmail.com
abolish,abolish@gmail.com
abolition,abolition@gmail.com
abomasum,abomasum@gmail.com
abomb,abomb@gmail.com
abominable,abominable@gmail.com
abominate,abominate@gmail.com
abomination,abomination@gmail.com
aboral,aboral@gmail.com
aboriginal,aboriginal@gmail.com
aborigine,aborigine@gmail.com
aborn,aborn@gmail.com
aborning,aborning@gmail.com
abort,abort@gmail.com
aborticide,aborticide@gmail.com
abortifacient,abortifacient@gmail.com
abortion,abortion@gmail.com
abortionist,abortionist@gmail.com
abortive,abortive@gmail.com
abott,abott@gmail.com
aboulia,aboulia@gmail.com
abound,abound@gmail.com
about,about@gmail.com
aboutface,aboutface@gmail.com
aboutship,aboutship@gmail.com
above,above@gmail.com
aboveboard,aboveboard@gmail.com
aboveground,aboveground@gmail.com
abra,abra@gmail.com
abracadabra,abracadabra@gmail.com
abradant,abradant@gmail.com
abrade,abrade@gmail.com
abraham,abraham@gmail.com
abraham,abraham@gmail.com
abrahamabrahams,abrahamabrahams@gmail.com
abrahamsen,abrahamsen@gmail.com
abrahan,abrahan@gmail.com
abram,abram@gmail.com
abram,abram@gmail.com
abramabramo,abramabramo@gmail.com
abrams,abrams@gmail.com
abrams,abrams@gmail.com
abramson,abramson@gmail.com
abramson,abramson@gmail.com
abran,abran@gmail.com
abranchiate,abranchiate@gmail.com
abrasion,abrasion@gmail.com
abrasive,abrasive@gmail.com
abraxas,abraxas@gmail.com
abreact,abreact@gmail.com
